prod_type,n,n_egg_by_hen
hatching eggs,80,19.050664395547354
table eggs,80,24.577231954500128
